city,region
Bolesławiec,DOLNOŚLĄSKIE
Nowogrodziec,DOLNOŚLĄSKIE
Bielawa,DOLNOŚLĄSKIE
Dzierżoniów,DOLNOŚLĄSKIE
Pieszyce,DOLNOŚLĄSKIE
Piława Górna,DOLNOŚLĄSKIE
Niemcza,DOLNOŚLĄSKIE
Głogów,DOLNOŚLĄSKIE
Góra,DOLNOŚLĄSKIE
Wąsosz,DOLNOŚLĄSKIE
Jawor,DOLNOŚLĄSKIE
Bolków,DOLNOŚLĄSKIE
Karpacz,DOLNOŚLĄSKIE
Kowary,DOLNOŚLĄSKIE
Piechowice,DOLNOŚLĄSKIE
Szklarska Poręba,DOLNOŚLĄSKIE
Kamienna Góra,DOLNOŚLĄSKIE
Lubawka,DOLNOŚLĄSKIE
Duszniki-Zdrój,DOLNOŚLĄSKIE
Kłodzko,DOLNOŚLĄSKIE
Kudowa-Zdrój,DOLNOŚLĄSKIE
Nowa Ruda,DOLNOŚLĄSKIE
Polanica-Zdrój,DOLNOŚLĄSKIE
Bystrzyca Kłodzka,DOLNOŚLĄSKIE
Lądek-Zdrój,DOLNOŚLĄSKIE
Międzylesie,DOLNOŚLĄSKIE
Radków,DOLNOŚLĄSKIE
Stronie Śląskie,DOLNOŚLĄSKIE
Szczytna,DOLNOŚLĄSKIE
Chojnów,DOLNOŚLĄSKIE
Prochowice,DOLNOŚLĄSKIE
Lubań,DOLNOŚLĄSKIE
Świeradów-Zdrój,DOLNOŚLĄSKIE
Leśna,DOLNOŚLĄSKIE
Olszyna,DOLNOŚLĄSKIE
Lubin,DOLNOŚLĄSKIE
Ścinawa,DOLNOŚLĄSKIE
Gryfów Śląski,DOLNOŚLĄSKIE
Lubomierz,DOLNOŚLĄSKIE
Lwówek Śląski,DOLNOŚLĄSKIE
Mirsk,DOLNOŚLĄSKIE
Wleń,DOLNOŚLĄSKIE
Milicz,DOLNOŚLĄSKIE
Oleśnica,DOLNOŚLĄSKIE
Bierutów,DOLNOŚLĄSKIE
Międzybórz,DOLNOŚLĄSKIE
Syców,DOLNOŚLĄSKIE
Twardogóra,DOLNOŚLĄSKIE
Oława,DOLNOŚLĄSKIE
Jelcz-Laskowice,DOLNOŚLĄSKIE
Chocianów,DOLNOŚLĄSKIE
Polkowice,DOLNOŚLĄSKIE
Przemków,DOLNOŚLĄSKIE
Strzelin,DOLNOŚLĄSKIE
Wiązów,DOLNOŚLĄSKIE
Środa Śląska,DOLNOŚLĄSKIE
Świdnica,DOLNOŚLĄSKIE
Świebodzice,DOLNOŚLĄSKIE
Jaworzyna Śląska,DOLNOŚLĄSKIE
Strzegom,DOLNOŚLĄSKIE
Żarów,DOLNOŚLĄSKIE
Oborniki Śląskie,DOLNOŚLĄSKIE
Prusice,DOLNOŚLĄSKIE
Trzebnica,DOLNOŚLĄSKIE
Żmigród,DOLNOŚLĄSKIE
Boguszów-Gorce,DOLNOŚLĄSKIE
Jedlina-Zdrój,DOLNOŚLĄSKIE
Szczawno-Zdrój,DOLNOŚLĄSKIE
Głuszyca,DOLNOŚLĄSKIE
Mieroszów,DOLNOŚLĄSKIE
Brzeg Dolny,DOLNOŚLĄSKIE
Wołów,DOLNOŚLĄSKIE
Kąty Wrocławskie,DOLNOŚLĄSKIE
Sobótka,DOLNOŚLĄSKIE
Siechnice,DOLNOŚLĄSKIE
Bardo,DOLNOŚLĄSKIE
Ząbkowice Śląskie,DOLNOŚLĄSKIE
Ziębice,DOLNOŚLĄSKIE
Złoty Stok,DOLNOŚLĄSKIE
Zawidów,DOLNOŚLĄSKIE
Zgorzelec,DOLNOŚLĄSKIE
Bogatynia,DOLNOŚLĄSKIE
Pieńsk,DOLNOŚLĄSKIE
Węgliniec,DOLNOŚLĄSKIE
Wojcieszów,DOLNOŚLĄSKIE
Złotoryja,DOLNOŚLĄSKIE
Świerzawa,DOLNOŚLĄSKIE
Jelenia Góra,DOLNOŚLĄSKIE
Legnica,DOLNOŚLĄSKIE
Wrocław,DOLNOŚLĄSKIE
Wałbrzych,DOLNOŚLĄSKIE
Aleksandrów Kujawski,KUJAWSKO-POMORSKIE
Ciechocinek,KUJAWSKO-POMORSKIE
Nieszawa,KUJAWSKO-POMORSKIE
Brodnica,KUJAWSKO-POMORSKIE
Górzno,KUJAWSKO-POMORSKIE
Jabłonowo Pomorskie,KUJAWSKO-POMORSKIE
Koronowo,KUJAWSKO-POMORSKIE
Solec Kujawski,KUJAWSKO-POMORSKIE
Chełmno,KUJAWSKO-POMORSKIE
Golub-Dobrzyń,KUJAWSKO-POMORSKIE
Kowalewo Pomorskie,KUJAWSKO-POMORSKIE
Łasin,KUJAWSKO-POMORSKIE
Radzyń Chełmiński,KUJAWSKO-POMORSKIE
Inowrocław,KUJAWSKO-POMORSKIE
Gniewkowo,KUJAWSKO-POMORSKIE
Janikowo,KUJAWSKO-POMORSKIE
Kruszwica,KUJAWSKO-POMORSKIE
Pakość,KUJAWSKO-POMORSKIE
Lipno,KUJAWSKO-POMORSKIE
Dobrzyń nad Wisłą,KUJAWSKO-POMORSKIE
Skępe,KUJAWSKO-POMORSKIE
Mogilno,KUJAWSKO-POMORSKIE
Strzelno,KUJAWSKO-POMORSKIE
Kcynia,KUJAWSKO-POMORSKIE
Mrocza,KUJAWSKO-POMORSKIE
Nakło nad Notecią,KUJAWSKO-POMORSKIE
Szubin,KUJAWSKO-POMORSKIE
Radziejów,KUJAWSKO-POMORSKIE
Piotrków Kujawski,KUJAWSKO-POMORSKIE
Rypin,KUJAWSKO-POMORSKIE
Kamień Krajeński,KUJAWSKO-POMORSKIE
Sępólno Krajeńskie,KUJAWSKO-POMORSKIE
Więcbork,KUJAWSKO-POMORSKIE
Nowe,KUJAWSKO-POMORSKIE
Świecie,KUJAWSKO-POMORSKIE
Chełmża,KUJAWSKO-POMORSKIE
Tuchola,KUJAWSKO-POMORSKIE
Wąbrzeźno,KUJAWSKO-POMORSKIE
Kowal,KUJAWSKO-POMORSKIE
Brześć Kujawski,KUJAWSKO-POMORSKIE
Chodecz,KUJAWSKO-POMORSKIE
Izbica Kujawska,KUJAWSKO-POMORSKIE
Lubień Kujawski,KUJAWSKO-POMORSKIE
Lubraniec,KUJAWSKO-POMORSKIE
Barcin,KUJAWSKO-POMORSKIE
Janowiec Wielkopolski,KUJAWSKO-POMORSKIE
Łabiszyn,KUJAWSKO-POMORSKIE
Żnin,KUJAWSKO-POMORSKIE
Bydgoszcz,KUJAWSKO-POMORSKIE
Grudziądz,KUJAWSKO-POMORSKIE
Toruń,KUJAWSKO-POMORSKIE
Włocławek,KUJAWSKO-POMORSKIE
Międzyrzec Podlaski,LUBELSKIE
Terespol,LUBELSKIE
Biłgoraj,LUBELSKIE
Frampol,LUBELSKIE
Józefów,LUBELSKIE
Tarnogród,LUBELSKIE
Rejowiec Fabryczny,LUBELSKIE
Siedliszcze,LUBELSKIE
Hrubieszów,LUBELSKIE
Janów Lubelski,LUBELSKIE
Modliborzyce,LUBELSKIE
Krasnystaw,LUBELSKIE
Kraśnik,LUBELSKIE
Annopol,LUBELSKIE
Urzędów,LUBELSKIE
Lubartów,LUBELSKIE
Kock,LUBELSKIE
Ostrów Lubelski,LUBELSKIE
Bełżyce,LUBELSKIE
Bychawa,LUBELSKIE
Łęczna,LUBELSKIE
Łuków,LUBELSKIE
Stoczek Łukowski,LUBELSKIE
Opole Lubelskie,LUBELSKIE
Poniatowa,LUBELSKIE
Parczew,LUBELSKIE
Puławy,LUBELSKIE
Kazimierz Dolny,LUBELSKIE
Nałęczów,LUBELSKIE
Radzyń Podlaski,LUBELSKIE
Dęblin,LUBELSKIE
Ryki,LUBELSKIE
Świdnik,LUBELSKIE
Piaski,LUBELSKIE
Tomaszów Lubelski,LUBELSKIE
Lubycza Królewska,LUBELSKIE
Łaszczów,LUBELSKIE
Tyszowce,LUBELSKIE
Włodawa,LUBELSKIE
Krasnobród,LUBELSKIE
Szczebrzeszyn,LUBELSKIE
Zwierzyniec,LUBELSKIE
Biała Podlaska,LUBELSKIE
Chełm,LUBELSKIE
Lublin,LUBELSKIE
Zamość,LUBELSKIE
Kostrzyn nad Odrą,LUBUSKIE
Witnica,LUBUSKIE
Gubin,LUBUSKIE
Krosno Odrzańskie,LUBUSKIE
Międzyrzecz,LUBUSKIE
Skwierzyna,LUBUSKIE
Trzciel,LUBUSKIE
Nowa Sól,LUBUSKIE
Bytom Odrzański,LUBUSKIE
Kożuchów,LUBUSKIE
Nowe Miasteczko,LUBUSKIE
Cybinka,LUBUSKIE
Ośno Lubuskie,LUBUSKIE
Rzepin,LUBUSKIE
Słubice,LUBUSKIE
Dobiegniew,LUBUSKIE
Drezdenko,LUBUSKIE
Strzelce Krajeńskie,LUBUSKIE
Lubniewice,LUBUSKIE
Sulęcin,LUBUSKIE
Torzym,LUBUSKIE
Świebodzin,LUBUSKIE
Zbąszynek,LUBUSKIE
Babimost,LUBUSKIE
Czerwieńsk,LUBUSKIE
Kargowa,LUBUSKIE
Nowogród Bobrzański,LUBUSKIE
Sulechów,LUBUSKIE
Gozdnica,LUBUSKIE
Żagań,LUBUSKIE
Iłowa,LUBUSKIE
Małomice,LUBUSKIE
Szprotawa,LUBUSKIE
Łęknica,LUBUSKIE
Żary,LUBUSKIE
Jasień,LUBUSKIE
Lubsko,LUBUSKIE
Sława,LUBUSKIE
Szlichtyngowa,LUBUSKIE
Wschowa,LUBUSKIE
Gorzów Wielkopolski,LUBUSKIE
Zielona Góra,LUBUSKIE
Bełchatów,ŁÓDZKIE
Zelów,ŁÓDZKIE
Kutno,ŁÓDZKIE
Krośniewice,ŁÓDZKIE
Żychlin,ŁÓDZKIE
Łask,ŁÓDZKIE
Łęczyca,ŁÓDZKIE
Łowicz,ŁÓDZKIE
Koluszki,ŁÓDZKIE
Rzgów,ŁÓDZKIE
Tuszyn,ŁÓDZKIE
Drzewica,ŁÓDZKIE
Opoczno,ŁÓDZKIE
Konstantynów Łódzki,ŁÓDZKIE
Pabianice,ŁÓDZKIE
Działoszyn,ŁÓDZKIE
Pajęczno,ŁÓDZKIE
Sulejów,ŁÓDZKIE
Wolbórz,ŁÓDZKIE
Poddębice,ŁÓDZKIE
Uniejów,ŁÓDZKIE
Radomsko,ŁÓDZKIE
Kamieńsk,ŁÓDZKIE
Przedbórz,ŁÓDZKIE
Rawa Mazowiecka,ŁÓDZKIE
Biała Rawska,ŁÓDZKIE
Sieradz,ŁÓDZKIE
Błaszki,ŁÓDZKIE
Warta,ŁÓDZKIE
Złoczew,ŁÓDZKIE
Tomaszów Mazowiecki,ŁÓDZKIE
Wieluń,ŁÓDZKIE
Wieruszów,ŁÓDZKIE
Zduńska Wola,ŁÓDZKIE
Szadek,ŁÓDZKIE
Głowno,ŁÓDZKIE
Ozorków,ŁÓDZKIE
Zgierz,ŁÓDZKIE
Aleksandrów Łódzki,ŁÓDZKIE
Stryków,ŁÓDZKIE
Brzeziny,ŁÓDZKIE
Łódź,ŁÓDZKIE
Piotrków Trybunalski,ŁÓDZKIE
Skierniewice,ŁÓDZKIE
Bochnia,MAŁOPOLSKIE
Nowy Wiśnicz,MAŁOPOLSKIE
Brzesko,MAŁOPOLSKIE
Czchów,MAŁOPOLSKIE
Alwernia,MAŁOPOLSKIE
Chrzanów,MAŁOPOLSKIE
Libiąż,MAŁOPOLSKIE
Trzebinia,MAŁOPOLSKIE
Dąbrowa Tarnowska,MAŁOPOLSKIE
Szczucin,MAŁOPOLSKIE
Gorlice,MAŁOPOLSKIE
Biecz,MAŁOPOLSKIE
Bobowa,MAŁOPOLSKIE
Krzeszowice,MAŁOPOLSKIE
Skała,MAŁOPOLSKIE
Skawina,MAŁOPOLSKIE
Słomniki,MAŁOPOLSKIE
Świątniki Górne,MAŁOPOLSKIE
Limanowa,MAŁOPOLSKIE
Mszana Dolna,MAŁOPOLSKIE
Miechów,MAŁOPOLSKIE
Dobczyce,MAŁOPOLSKIE
Myślenice,MAŁOPOLSKIE
Sułkowice,MAŁOPOLSKIE
Grybów,MAŁOPOLSKIE
Krynica-Zdrój,MAŁOPOLSKIE
Muszyna,MAŁOPOLSKIE
Piwniczna-Zdrój,MAŁOPOLSKIE
Stary Sącz,MAŁOPOLSKIE
Nowy Targ,MAŁOPOLSKIE
Szczawnica,MAŁOPOLSKIE
Rabka-Zdrój,MAŁOPOLSKIE
Bukowno,MAŁOPOLSKIE
Olkusz,MAŁOPOLSKIE
Wolbrom,MAŁOPOLSKIE
Oświęcim,MAŁOPOLSKIE
Brzeszcze,MAŁOPOLSKIE
Chełmek,MAŁOPOLSKIE
Kęty,MAŁOPOLSKIE
Zator,MAŁOPOLSKIE
Nowe Brzesko,MAŁOPOLSKIE
Proszowice,MAŁOPOLSKIE
Jordanów,MAŁOPOLSKIE
Sucha Beskidzka,MAŁOPOLSKIE
Maków Podhalański,MAŁOPOLSKIE
Ciężkowice,MAŁOPOLSKIE
Radłów,MAŁOPOLSKIE
Ryglice,MAŁOPOLSKIE
Tuchów,MAŁOPOLSKIE
Wojnicz,MAŁOPOLSKIE
Zakliczyn,MAŁOPOLSKIE
Żabno,MAŁOPOLSKIE
Zakopane,MAŁOPOLSKIE
Andrychów,MAŁOPOLSKIE
Kalwaria Zebrzydowska,MAŁOPOLSKIE
Wadowice,MAŁOPOLSKIE
Niepołomice,MAŁOPOLSKIE
Wieliczka,MAŁOPOLSKIE
Kraków,MAŁOPOLSKIE
Nowy Sącz,MAŁOPOLSKIE
Tarnów,MAŁOPOLSKIE
Białobrzegi,MAZOWIECKIE
Wyśmierzyce,MAZOWIECKIE
Ciechanów,MAZOWIECKIE
Glinojeck,MAZOWIECKIE
Garwolin,MAZOWIECKIE
Łaskarzew,MAZOWIECKIE
Pilawa,MAZOWIECKIE
Żelechów,MAZOWIECKIE
Gostynin,MAZOWIECKIE
Milanówek,MAZOWIECKIE
Podkowa Leśna,MAZOWIECKIE
Grodzisk Mazowiecki,MAZOWIECKIE
Grójec,MAZOWIECKIE
Mogielnica,MAZOWIECKIE
Nowe Miasto nad Pilicą,MAZOWIECKIE
Warka,MAZOWIECKIE
Kozienice,MAZOWIECKIE
Legionowo,MAZOWIECKIE
Serock,MAZOWIECKIE
Lipsko,MAZOWIECKIE
Łosice,MAZOWIECKIE
Maków Mazowiecki,MAZOWIECKIE
Różan,MAZOWIECKIE
Mińsk Mazowiecki,MAZOWIECKIE
Halinów,MAZOWIECKIE
Kałuszyn,MAZOWIECKIE
Mrozy,MAZOWIECKIE
Sulejówek,MAZOWIECKIE
Mława,MAZOWIECKIE
Nowy Dwór Mazowiecki,MAZOWIECKIE
Nasielsk,MAZOWIECKIE
Zakroczym,MAZOWIECKIE
Myszyniec,MAZOWIECKIE
Ostrów Mazowiecka,MAZOWIECKIE
Brok,MAZOWIECKIE
Józefów,MAZOWIECKIE
Otwock,MAZOWIECKIE
Karczew,MAZOWIECKIE
Góra Kalwaria,MAZOWIECKIE
Konstancin-Jeziorna,MAZOWIECKIE
Piaseczno,MAZOWIECKIE
Tarczyn,MAZOWIECKIE
Drobin,MAZOWIECKIE
Gąbin,MAZOWIECKIE
Wyszogród,MAZOWIECKIE
Płońsk,MAZOWIECKIE
Raciąż,MAZOWIECKIE
Piastów,MAZOWIECKIE
Pruszków,MAZOWIECKIE
Brwinów,MAZOWIECKIE
Przasnysz,MAZOWIECKIE
Chorzele,MAZOWIECKIE
Przysucha,MAZOWIECKIE
Pułtusk,MAZOWIECKIE
Pionki,MAZOWIECKIE
Iłża,MAZOWIECKIE
Skaryszew,MAZOWIECKIE
Mordy,MAZOWIECKIE
Sierpc,MAZOWIECKIE
Sochaczew,MAZOWIECKIE
Sokołów Podlaski,MAZOWIECKIE
Kosów Lacki,MAZOWIECKIE
Szydłowiec,MAZOWIECKIE
Błonie,MAZOWIECKIE
Łomianki,MAZOWIECKIE
Ożarów Mazowiecki,MAZOWIECKIE
Węgrów,MAZOWIECKIE
Łochów,MAZOWIECKIE
Kobyłka,MAZOWIECKIE
Marki,MAZOWIECKIE
Ząbki,MAZOWIECKIE
Zielonka,MAZOWIECKIE
Radzymin,MAZOWIECKIE
Tłuszcz,MAZOWIECKIE
Wołomin,MAZOWIECKIE
Wyszków,MAZOWIECKIE
Zwoleń,MAZOWIECKIE
Bieżuń,MAZOWIECKIE
Żuromin,MAZOWIECKIE
Żyrardów,MAZOWIECKIE
Mszczonów,MAZOWIECKIE
Ostrołęka,MAZOWIECKIE
Płock,MAZOWIECKIE
Radom,MAZOWIECKIE
Siedlce,MAZOWIECKIE
Brzeg,OPOLSKIE
Grodków,OPOLSKIE
Lewin Brzeski,OPOLSKIE
Baborów,OPOLSKIE
Głubczyce,OPOLSKIE
Kietrz,OPOLSKIE
Kędzierzyn-Koźle,OPOLSKIE
Byczyna,OPOLSKIE
Kluczbork,OPOLSKIE
Wołczyn,OPOLSKIE
Gogolin,OPOLSKIE
Krapkowice,OPOLSKIE
Zdzieszowice,OPOLSKIE
Namysłów,OPOLSKIE
Głuchołazy,OPOLSKIE
Korfantów,OPOLSKIE
Nysa,OPOLSKIE
Otmuchów,OPOLSKIE
Paczków,OPOLSKIE
Dobrodzień,OPOLSKIE
Gorzów Śląski,OPOLSKIE
Olesno,OPOLSKIE
Praszka,OPOLSKIE
Niemodlin,OPOLSKIE
Ozimek,OPOLSKIE
Prószków,OPOLSKIE
Biała,OPOLSKIE
Głogówek,OPOLSKIE
Prudnik,OPOLSKIE
Kolonowskie,OPOLSKIE
Leśnica,OPOLSKIE
Strzelce Opolskie,OPOLSKIE
Ujazd,OPOLSKIE
Zawadzkie,OPOLSKIE
Opole,OPOLSKIE
Ustrzyki Dolne,PODKARPACKIE
Brzozów,PODKARPACKIE
Dębica,PODKARPACKIE
Brzostek,PODKARPACKIE
Pilzno,PODKARPACKIE
Jarosław,PODKARPACKIE
Radymno,PODKARPACKIE
Pruchnik,PODKARPACKIE
Jasło,PODKARPACKIE
Kołaczyce,PODKARPACKIE
Kolbuszowa,PODKARPACKIE
Dukla,PODKARPACKIE
Iwonicz-Zdrój,PODKARPACKIE
Jedlicze,PODKARPACKIE
Rymanów,PODKARPACKIE
Leżajsk,PODKARPACKIE
Nowa Sarzyna,PODKARPACKIE
Lubaczów,PODKARPACKIE
Cieszanów,PODKARPACKIE
Narol,PODKARPACKIE
Oleszyce,PODKARPACKIE
Łańcut,PODKARPACKIE
Mielec,PODKARPACKIE
Przecław,PODKARPACKIE
Radomyśl Wielki,PODKARPACKIE
Nisko,PODKARPACKIE
Rudnik nad Sanem,PODKARPACKIE
Ulanów,PODKARPACKIE
Przeworsk,PODKARPACKIE
Kańczuga,PODKARPACKIE
Sieniawa,PODKARPACKIE
Ropczyce,PODKARPACKIE
Sędziszów Małopolski,PODKARPACKIE
Dynów,PODKARPACKIE
Błażowa,PODKARPACKIE
Boguchwała,PODKARPACKIE
Głogów Małopolski,PODKARPACKIE
Sokołów Małopolski,PODKARPACKIE
Tyczyn,PODKARPACKIE
Sanok,PODKARPACKIE
Zagórz,PODKARPACKIE
Stalowa Wola,PODKARPACKIE
Zaklików,PODKARPACKIE
Strzyżów,PODKARPACKIE
Baranów Sandomierski,PODKARPACKIE
Nowa Dęba,PODKARPACKIE
Lesko,PODKARPACKIE
Krosno,PODKARPACKIE
Przemyśl,PODKARPACKIE
Rzeszów,PODKARPACKIE
Tarnobrzeg,PODKARPACKIE
Augustów,PODLASKIE
Lipsk,PODLASKIE
Choroszcz,PODLASKIE
Czarna Białostocka,PODLASKIE
Łapy,PODLASKIE
Michałowo,PODLASKIE
Supraśl,PODLASKIE
Suraż,PODLASKIE
Tykocin,PODLASKIE
Wasilków,PODLASKIE
Zabłudów,PODLASKIE
Bielsk Podlaski,PODLASKIE
Brańsk,PODLASKIE
Grajewo,PODLASKIE
Rajgród,PODLASKIE
Szczuczyn,PODLASKIE
Hajnówka,PODLASKIE
Kleszczele,PODLASKIE
Kolno,PODLASKIE
Stawiski,PODLASKIE
Jedwabne,PODLASKIE
Nowogród,PODLASKIE
Goniądz,PODLASKIE
Knyszyn,PODLASKIE
Mońki,PODLASKIE
Sejny,PODLASKIE
Siemiatycze,PODLASKIE
Drohiczyn,PODLASKIE
Dąbrowa Białostocka,PODLASKIE
Krynki,PODLASKIE
Sokółka,PODLASKIE
Suchowola,PODLASKIE
Wysokie Mazowieckie,PODLASKIE
Ciechanowiec,PODLASKIE
Czyżew,PODLASKIE
Szepietowo,PODLASKIE
Zambrów,PODLASKIE
Białystok,PODLASKIE
Łomża,PODLASKIE
Suwałki,PODLASKIE
Bytów,POMORSKIE
Miastko,POMORSKIE
Chojnice,POMORSKIE
Brusy,POMORSKIE
Czersk,POMORSKIE
Człuchów,POMORSKIE
Czarne,POMORSKIE
Debrzno,POMORSKIE
Pruszcz Gdański,POMORSKIE
Kartuzy,POMORSKIE
Żukowo,POMORSKIE
Kościerzyna,POMORSKIE
Kwidzyn,POMORSKIE
Prabuty,POMORSKIE
Lębork,POMORSKIE
Łeba,POMORSKIE
Malbork,POMORSKIE
Nowy Staw,POMORSKIE
Krynica Morska,POMORSKIE
Nowy Dwór Gdański,POMORSKIE
Hel,POMORSKIE
Jastarnia,POMORSKIE
Puck,POMORSKIE
Władysławowo,POMORSKIE
Ustka,POMORSKIE
Kępice,POMORSKIE
Czarna Woda,POMORSKIE
Skórcz,POMORSKIE
Starogard Gdański,POMORSKIE
Skarszewy,POMORSKIE
Tczew,POMORSKIE
Gniew,POMORSKIE
Pelplin,POMORSKIE
Reda,POMORSKIE
Rumia,POMORSKIE
Wejherowo,POMORSKIE
Dzierzgoń,POMORSKIE
Sztum,POMORSKIE
Gdańsk,POMORSKIE
Gdynia,POMORSKIE
Słupsk,POMORSKIE
Sopot,POMORSKIE
Będzin,ŚLĄSKIE
Czeladź,ŚLĄSKIE
Wojkowice,ŚLĄSKIE
Siewierz,ŚLĄSKIE
Sławków,ŚLĄSKIE
Szczyrk,ŚLĄSKIE
Czechowice-Dziedzice,ŚLĄSKIE
Wilamowice,ŚLĄSKIE
Cieszyn,ŚLĄSKIE
Ustroń,ŚLĄSKIE
Wisła,ŚLĄSKIE
Skoczów,ŚLĄSKIE
Strumień,ŚLĄSKIE
Blachownia,ŚLĄSKIE
Koniecpol,ŚLĄSKIE
Knurów,ŚLĄSKIE
Pyskowice,ŚLĄSKIE
Sośnicowice,ŚLĄSKIE
Toszek,ŚLĄSKIE
Kłobuck,ŚLĄSKIE
Krzepice,ŚLĄSKIE
Lubliniec,ŚLĄSKIE
Woźniki,ŚLĄSKIE
Łaziska Górne,ŚLĄSKIE
Mikołów,ŚLĄSKIE
Orzesze,ŚLĄSKIE
Myszków,ŚLĄSKIE
Koziegłowy,ŚLĄSKIE
Żarki,ŚLĄSKIE
Pszczyna,ŚLĄSKIE
Racibórz,ŚLĄSKIE
Krzanowice,ŚLĄSKIE
Kuźnia Raciborska,ŚLĄSKIE
Czerwionka-Leszczyny,ŚLĄSKIE
Kalety,ŚLĄSKIE
Miasteczko Śląskie,ŚLĄSKIE
Radzionków,ŚLĄSKIE
Tarnowskie Góry,ŚLĄSKIE
Bieruń,ŚLĄSKIE
Imielin,ŚLĄSKIE
Lędziny,ŚLĄSKIE
Pszów,ŚLĄSKIE
Radlin,ŚLĄSKIE
Rydułtowy,ŚLĄSKIE
Wodzisław Śląski,ŚLĄSKIE
Poręba,ŚLĄSKIE
Zawiercie,ŚLĄSKIE
Łazy,ŚLĄSKIE
Ogrodzieniec,ŚLĄSKIE
Pilica,ŚLĄSKIE
Szczekociny,ŚLĄSKIE
Żywiec,ŚLĄSKIE
Bielsko-Biała,ŚLĄSKIE
Bytom,ŚLĄSKIE
Chorzów,ŚLĄSKIE
Częstochowa,ŚLĄSKIE
Dąbrowa Górnicza,ŚLĄSKIE
Gliwice,ŚLĄSKIE
Jastrzębie-Zdrój,ŚLĄSKIE
Jaworzno,ŚLĄSKIE
Katowice,ŚLĄSKIE
Mysłowice,ŚLĄSKIE
Piekary Śląskie,ŚLĄSKIE
Ruda Śląska,ŚLĄSKIE
Rybnik,ŚLĄSKIE
Siemianowice Śląskie,ŚLĄSKIE
Sosnowiec,ŚLĄSKIE
Świętochłowice,ŚLĄSKIE
Tychy,ŚLĄSKIE
Zabrze,ŚLĄSKIE
Żory,ŚLĄSKIE
Busko-Zdrój,ŚWIĘTOKRZYSKIE
Stopnica,ŚWIĘTOKRZYSKIE
Jędrzejów,ŚWIĘTOKRZYSKIE
Małogoszcz,ŚWIĘTOKRZYSKIE
Sędziszów,ŚWIĘTOKRZYSKIE
Kazimierza Wielka,ŚWIĘTOKRZYSKIE
Skalbmierz,ŚWIĘTOKRZYSKIE
Bodzentyn,ŚWIĘTOKRZYSKIE
Chęciny,ŚWIĘTOKRZYSKIE
Chmielnik,ŚWIĘTOKRZYSKIE
Daleszyce,ŚWIĘTOKRZYSKIE
Końskie,ŚWIĘTOKRZYSKIE
Stąporków,ŚWIĘTOKRZYSKIE
Opatów,ŚWIĘTOKRZYSKIE
Ożarów,ŚWIĘTOKRZYSKIE
Ostrowiec Świętokrzyski,ŚWIĘTOKRZYSKIE
Ćmielów,ŚWIĘTOKRZYSKIE
Kunów,ŚWIĘTOKRZYSKIE
Działoszyce,ŚWIĘTOKRZYSKIE
Pińczów,ŚWIĘTOKRZYSKIE
Sandomierz,ŚWIĘTOKRZYSKIE
Koprzywnica,ŚWIĘTOKRZYSKIE
Zawichost,ŚWIĘTOKRZYSKIE
Skarżysko-Kamienna,ŚWIĘTOKRZYSKIE
Suchedniów,ŚWIĘTOKRZYSKIE
Starachowice,ŚWIĘTOKRZYSKIE
Wąchock,ŚWIĘTOKRZYSKIE
Osiek,ŚWIĘTOKRZYSKIE
Połaniec,ŚWIĘTOKRZYSKIE
Staszów,ŚWIĘTOKRZYSKIE
Włoszczowa,ŚWIĘTOKRZYSKIE
Kielce,ŚWIĘTOKRZYSKIE
Bartoszyce,WARMIŃSKO-MAZURSKIE
Górowo Iławeckie,WARMIŃSKO-MAZURSKIE
Bisztynek,WARMIŃSKO-MAZURSKIE
Sępopol,WARMIŃSKO-MAZURSKIE
Braniewo,WARMIŃSKO-MAZURSKIE
Frombork,WARMIŃSKO-MAZURSKIE
Pieniężno,WARMIŃSKO-MAZURSKIE
Działdowo,WARMIŃSKO-MAZURSKIE
Lidzbark,WARMIŃSKO-MAZURSKIE
Młynary,WARMIŃSKO-MAZURSKIE
Pasłęk,WARMIŃSKO-MAZURSKIE
Tolkmicko,WARMIŃSKO-MAZURSKIE
Ełk,WARMIŃSKO-MAZURSKIE
Giżycko,WARMIŃSKO-MAZURSKIE
Ryn,WARMIŃSKO-MAZURSKIE
Iława,WARMIŃSKO-MAZURSKIE
Lubawa,WARMIŃSKO-MAZURSKIE
Kisielice,WARMIŃSKO-MAZURSKIE
Susz,WARMIŃSKO-MAZURSKIE
Zalewo,WARMIŃSKO-MAZURSKIE
Kętrzyn,WARMIŃSKO-MAZURSKIE
Korsze,WARMIŃSKO-MAZURSKIE
Reszel,WARMIŃSKO-MAZURSKIE
Lidzbark Warmiński,WARMIŃSKO-MAZURSKIE
Orneta,WARMIŃSKO-MAZURSKIE
Mrągowo,WARMIŃSKO-MAZURSKIE
Mikołajki,WARMIŃSKO-MAZURSKIE
Nidzica,WARMIŃSKO-MAZURSKIE
Nowe Miasto Lubawskie,WARMIŃSKO-MAZURSKIE
Olecko,WARMIŃSKO-MAZURSKIE
Barczewo,WARMIŃSKO-MAZURSKIE
Biskupiec,WARMIŃSKO-MAZURSKIE
Dobre Miasto,WARMIŃSKO-MAZURSKIE
Jeziorany,WARMIŃSKO-MAZURSKIE
Olsztynek,WARMIŃSKO-MAZURSKIE
Ostróda,WARMIŃSKO-MAZURSKIE
Miłakowo,WARMIŃSKO-MAZURSKIE
Miłomłyn,WARMIŃSKO-MAZURSKIE
Morąg,WARMIŃSKO-MAZURSKIE
Biała Piska,WARMIŃSKO-MAZURSKIE
Orzysz,WARMIŃSKO-MAZURSKIE
Pisz,WARMIŃSKO-MAZURSKIE
Ruciane-Nida,WARMIŃSKO-MAZURSKIE
Szczytno,WARMIŃSKO-MAZURSKIE
Pasym,WARMIŃSKO-MAZURSKIE
Gołdap,WARMIŃSKO-MAZURSKIE
Węgorzewo,WARMIŃSKO-MAZURSKIE
Elbląg,WARMIŃSKO-MAZURSKIE
Olsztyn,WARMIŃSKO-MAZURSKIE
Chodzież,WIELKOPOLSKIE
Margonin,WIELKOPOLSKIE
Szamocin,WIELKOPOLSKIE
Czarnków,WIELKOPOLSKIE
Krzyż Wielkopolski,WIELKOPOLSKIE
Trzcianka,WIELKOPOLSKIE
Wieleń,WIELKOPOLSKIE
Gniezno,WIELKOPOLSKIE
Czerniejewo,WIELKOPOLSKIE
Kłecko,WIELKOPOLSKIE
Trzemeszno,WIELKOPOLSKIE
Witkowo,WIELKOPOLSKIE
Borek Wielkopolski,WIELKOPOLSKIE
Gostyń,WIELKOPOLSKIE
Krobia,WIELKOPOLSKIE
Pogorzela,WIELKOPOLSKIE
Poniec,WIELKOPOLSKIE
Grodzisk Wielkopolski,WIELKOPOLSKIE
Rakoniewice,WIELKOPOLSKIE
Wielichowo,WIELKOPOLSKIE
Jaraczewo,WIELKOPOLSKIE
Jarocin,WIELKOPOLSKIE
Żerków,WIELKOPOLSKIE
Stawiszyn,WIELKOPOLSKIE
Kępno,WIELKOPOLSKIE
Koło,WIELKOPOLSKIE
Dąbie,WIELKOPOLSKIE
Kłodawa,WIELKOPOLSKIE
Przedecz,WIELKOPOLSKIE
Golina,WIELKOPOLSKIE
Kleczew,WIELKOPOLSKIE
Rychwał,WIELKOPOLSKIE
Sompolno,WIELKOPOLSKIE
Ślesin,WIELKOPOLSKIE
Kościan,WIELKOPOLSKIE
Czempiń,WIELKOPOLSKIE
Krzywiń,WIELKOPOLSKIE
Śmigiel,WIELKOPOLSKIE
Sulmierzyce,WIELKOPOLSKIE
Kobylin,WIELKOPOLSKIE
Koźmin Wielkopolski,WIELKOPOLSKIE
Krotoszyn,WIELKOPOLSKIE
Zduny,WIELKOPOLSKIE
Osieczna,WIELKOPOLSKIE
Rydzyna,WIELKOPOLSKIE
Międzychód,WIELKOPOLSKIE
Sieraków,WIELKOPOLSKIE
Lwówek,WIELKOPOLSKIE
Nowy Tomyśl,WIELKOPOLSKIE
Opalenica,WIELKOPOLSKIE
Zbąszyń,WIELKOPOLSKIE
Oborniki,WIELKOPOLSKIE
Rogoźno,WIELKOPOLSKIE
Ostrów Wielkopolski,WIELKOPOLSKIE
Nowe Skalmierzyce,WIELKOPOLSKIE
Odolanów,WIELKOPOLSKIE
Raszków,WIELKOPOLSKIE
Grabów nad Prosną,WIELKOPOLSKIE
Mikstat,WIELKOPOLSKIE
Ostrzeszów,WIELKOPOLSKIE
Piła,WIELKOPOLSKIE
Łobżenica,WIELKOPOLSKIE
Ujście,WIELKOPOLSKIE
Wyrzysk,WIELKOPOLSKIE
Wysoka,WIELKOPOLSKIE
Chocz,WIELKOPOLSKIE
Dobrzyca,WIELKOPOLSKIE
Pleszew,WIELKOPOLSKIE
Luboń,WIELKOPOLSKIE
Puszczykowo,WIELKOPOLSKIE
Buk,WIELKOPOLSKIE
Kostrzyn,WIELKOPOLSKIE
Kórnik,WIELKOPOLSKIE
Mosina,WIELKOPOLSKIE
Murowana Goślina,WIELKOPOLSKIE
Pobiedziska,WIELKOPOLSKIE
Stęszew,WIELKOPOLSKIE
Swarzędz,WIELKOPOLSKIE
Bojanowo,WIELKOPOLSKIE
Jutrosin,WIELKOPOLSKIE
Miejska Górka,WIELKOPOLSKIE
Rawicz,WIELKOPOLSKIE
Słupca,WIELKOPOLSKIE
Zagórów,WIELKOPOLSKIE
Obrzycko,WIELKOPOLSKIE
Ostroróg,WIELKOPOLSKIE
Pniewy,WIELKOPOLSKIE
Szamotuły,WIELKOPOLSKIE
Wronki,WIELKOPOLSKIE
Środa Wielkopolska,WIELKOPOLSKIE
Dolsk,WIELKOPOLSKIE
Książ Wielkopolski,WIELKOPOLSKIE
Śrem,WIELKOPOLSKIE
Turek,WIELKOPOLSKIE
Dobra,WIELKOPOLSKIE
Tuliszków,WIELKOPOLSKIE
Wągrowiec,WIELKOPOLSKIE
Gołańcz,WIELKOPOLSKIE
Skoki,WIELKOPOLSKIE
Wolsztyn,WIELKOPOLSKIE
Miłosław,WIELKOPOLSKIE
Nekla,WIELKOPOLSKIE
Pyzdry,WIELKOPOLSKIE
Września,WIELKOPOLSKIE
Złotów,WIELKOPOLSKIE
Jastrowie,WIELKOPOLSKIE
Krajenka,WIELKOPOLSKIE
Okonek,WIELKOPOLSKIE
Kalisz,WIELKOPOLSKIE
Konin,WIELKOPOLSKIE
Leszno,WIELKOPOLSKIE
Poznań,WIELKOPOLSKIE
Białogard,ZACHODNIOPOMORSKIE
Karlino,ZACHODNIOPOMORSKIE
Tychowo,ZACHODNIOPOMORSKIE
Choszczno,ZACHODNIOPOMORSKIE
Drawno,ZACHODNIOPOMORSKIE
Pełczyce,ZACHODNIOPOMORSKIE
Recz,ZACHODNIOPOMORSKIE
Czaplinek,ZACHODNIOPOMORSKIE
Drawsko Pomorskie,ZACHODNIOPOMORSKIE
Kalisz Pomorski,ZACHODNIOPOMORSKIE
Złocieniec,ZACHODNIOPOMORSKIE
Goleniów,ZACHODNIOPOMORSKIE
Maszewo,ZACHODNIOPOMORSKIE
Nowogard,ZACHODNIOPOMORSKIE
Stepnica,ZACHODNIOPOMORSKIE
Gryfice,ZACHODNIOPOMORSKIE
Płoty,ZACHODNIOPOMORSKIE
Trzebiatów,ZACHODNIOPOMORSKIE
Cedynia,ZACHODNIOPOMORSKIE
Chojna,ZACHODNIOPOMORSKIE
Gryfino,ZACHODNIOPOMORSKIE
Mieszkowice,ZACHODNIOPOMORSKIE
Moryń,ZACHODNIOPOMORSKIE
Trzcińsko-Zdrój,ZACHODNIOPOMORSKIE
Dziwnów,ZACHODNIOPOMORSKIE
Golczewo,ZACHODNIOPOMORSKIE
Kamień Pomorski,ZACHODNIOPOMORSKIE
Międzyzdroje,ZACHODNIOPOMORSKIE
Wolin,ZACHODNIOPOMORSKIE
Kołobrzeg,ZACHODNIOPOMORSKIE
Gościno,ZACHODNIOPOMORSKIE
Bobolice,ZACHODNIOPOMORSKIE
Polanów,ZACHODNIOPOMORSKIE
Sianów,ZACHODNIOPOMORSKIE
Barlinek,ZACHODNIOPOMORSKIE
Dębno,ZACHODNIOPOMORSKIE
Myślibórz,ZACHODNIOPOMORSKIE
Nowe Warpno,ZACHODNIOPOMORSKIE
Police,ZACHODNIOPOMORSKIE
Lipiany,ZACHODNIOPOMORSKIE
Pyrzyce,ZACHODNIOPOMORSKIE
Darłowo,ZACHODNIOPOMORSKIE
Sławno,ZACHODNIOPOMORSKIE
Stargard,ZACHODNIOPOMORSKIE
Chociwel,ZACHODNIOPOMORSKIE
Dobrzany,ZACHODNIOPOMORSKIE
Ińsko,ZACHODNIOPOMORSKIE
Suchań,ZACHODNIOPOMORSKIE
Szczecinek,ZACHODNIOPOMORSKIE
Barwice,ZACHODNIOPOMORSKIE
Biały Bór,ZACHODNIOPOMORSKIE
Borne Sulinowo,ZACHODNIOPOMORSKIE
Świdwin,ZACHODNIOPOMORSKIE
Połczyn-Zdrój,ZACHODNIOPOMORSKIE
Wałcz,ZACHODNIOPOMORSKIE
Człopa,ZACHODNIOPOMORSKIE
Mirosławiec,ZACHODNIOPOMORSKIE
Tuczno,ZACHODNIOPOMORSKIE
Dobra,ZACHODNIOPOMORSKIE
Łobez,ZACHODNIOPOMORSKIE
Resko,ZACHODNIOPOMORSKIE
Węgorzyno,ZACHODNIOPOMORSKIE
Koszalin,ZACHODNIOPOMORSKIE
Szczecin,ZACHODNIOPOMORSKIE
Świnoujście,ZACHODNIOPOMORSKIE