city,region_name
Алейск,Алтайский край
Барнаул,Алтайский край
Белокуриха,Алтайский край
Бийск,Алтайский край
Горняк,Алтайский край
Заринск,Алтайский край
Змеиногорск,Алтайский край
Камень-на-Оби,Алтайский край
Новоалтайск,Алтайский край
Рубцовск,Алтайский край
Славгород,Алтайский край
Яровое,Алтайский край
Белогорск,Амурская область
Благовещенск,Амурская область
Завитинск,Амурская область
Зея,Амурская область
Райчихинск,Амурская область
Свободный,Амурская область
Сковородино,Амурская область
Тында,Амурская область
Циолковский,Амурская область
Шимановск,Амурская область
Архангельск,Архангельская область
Вельск,Архангельская область
Каргополь,Архангельская область
Коряжма,Архангельская область
Котлас,Архангельская область
Мезень,Архангельская область
Мирный,Архангельская область
Нарьян-Мар,Архангельская область
Новодвинск,Архангельская область
Няндома,Архангельская область
Онега,Архангельская область
Северодвинск,Архангельская область
Сольвычегодск,Архангельская область
Шенкурск,Архангельская область
Астрахань,Астраханская область
Ахтубинск,Астраханская область
Знаменск,Астраханская область
Камызяк,Астраханская область
Нариманов,Астраханская область
Харабали,Астраханская область
Алексеевка,Белгородская область
Белгород,Белгородская область
Бирюч,Белгородская область
Валуйки,Белгородская область
Грайворон,Белгородская область
Губкин,Белгородская область
Короча,Белгородская область
Новый Оскол,Белгородская область
Старый Оскол,Белгородская область
Строитель,Белгородская область
Шебекино,Белгородская область
Брянск,Брянская область
Дятьково,Брянская область
Жуковка,Брянская область
Злынка,Брянская область
Карачев,Брянская область
Клинцы,Брянская область
Мглин,Брянская область
Новозыбков,Брянская область
Почеп,Брянская область
Севск,Брянская область
Сельцо,Брянская область
Стародуб,Брянская область
Сураж,Брянская область
Трубчевск,Брянская область
Унеча,Брянская область
Фокино,Брянская область
Александров,Владимирская область
Владимир,Владимирская область
Вязники,Владимирская область
Гороховец,Владимирская область
Гусь-Хрустальный,Владимирская область
Камешково,Владимирская область
Карабаново,Владимирская область
Киржач,Владимирская область
Ковров,Владимирская область
Кольчугино,Владимирская область
Костерево,Владимирская область
Курлово,Владимирская область
Лакинск,Владимирская область
Меленки,Владимирская область
Муром,Владимирская область
Петушки,Владимирская область
Покров,Владимирская область
Радужный,Владимирская область
Собинка,Владимирская область
Струнино,Владимирская область
Судогда,Владимирская область
Суздаль,Владимирская область
Юрьев-Польский,Владимирская область
Волгоград,Волгоградская область
Волжский,Волгоградская область
Дубовка,Волгоградская область
Жирновск,Волгоградская область
Калач-на-Дону,Волгоградская область
Камышин,Волгоградская область
Котельниково,Волгоградская область
Котово,Волгоградская область
Краснослободск,Волгоградская область
Ленинск,Волгоградская область
Михайловка,Волгоградская область
Николаевск,Волгоградская область
Новоаннинский,Волгоградская область
Палласовка,Волгоградская область
Петров Вал,Волгоградская область
Серафимович,Волгоградская область
Суровикино,Волгоградская область
Урюпинск,Волгоградская область
Фролово,Волгоградская область
Бабаево,Вологодская область
Белозерск,Вологодская область
Великий Устюг,Вологодская область
Вологда,Вологодская область
Вытегра,Вологодская область
Грязовец,Вологодская область
Кадников,Вологодская область
Кириллов,Вологодская область
Красавино,Вологодская область
Никольск,Вологодская область
Сокол,Вологодская область
Тотьма,Вологодская область
Устюжна,Вологодская область
Харовск,Вологодская область
Череповец,Вологодская область
Бобров,Воронежская область
Богучар,Воронежская область
Борисоглебск,Воронежская область
Бутурлиновка,Воронежская область
Воронеж,Воронежская область
Калач,Воронежская область
Лиски,Воронежская область
Нововоронеж,Воронежская область
Новохоперск,Воронежская область
Острогожск,Воронежская область
Павловск,Воронежская область
Поворино,Воронежская область
Россошь,Воронежская область
Семилуки,Воронежская область
Эртиль,Воронежская область
Биробиджан,Еврейская автономная область
Облучье,Еврейская автономная область
Балей,Забайкальский край
Борзя,Забайкальский край
Краснокаменск,Забайкальский край
Могоча,Забайкальский край
Нерчинск,Забайкальский край
Петровск-Забайкальский,Забайкальский край
Сретенск,Забайкальский край
Хилок,Забайкальский край
Чита,Забайкальский край
Шилка,Забайкальский край
Вичуга,Ивановская область
Гаврилов Посад,Ивановская область
Заволжск,Ивановская область
Иваново,Ивановская область
Кинешма,Ивановская область
Комсомольск,Ивановская область
Кохма,Ивановская область
Наволоки,Ивановская область
Плес,Ивановская область
Приволжск,Ивановская область
Пучеж,Ивановская область
Родники,Ивановская область
Тейково,Ивановская область
Фурманов,Ивановская область
Шуя,Ивановская область
Южа,Ивановская область
Юрьевец,Ивановская область
Алзамай,Иркутская область
Ангарск,Иркутская область
Байкальск,Иркутская область
Бирюсинск,Иркутская область
Бодайбо,Иркутская область
Братск,Иркутская область
Вихоревка,Иркутская область
Железногорск-Илимский,Иркутская область
Зима,Иркутская область
Иркутск,Иркутская область
Киренск,Иркутская область
Нижнеудинск,Иркутская область
Саянск,Иркутская область
Свирск,Иркутская область
Слюдянка,Иркутская область
Тайшет,Иркутская область
Тулун,Иркутская область
Усолье-Сибирское,Иркутская область
Усть-Илимск,Иркутская область
Усть-Кут,Иркутская область
Черемхово,Иркутская область
Шелехов,Иркутская область
Баксан,Кабардино-Балкарская Республика
Майский,Кабардино-Балкарская Республика
Нальчик,Кабардино-Балкарская Республика
Нарткала,Кабардино-Балкарская Республика
Прохладный,Кабардино-Балкарская Республика
Терек,Кабардино-Балкарская Республика
Тырныауз,Кабардино-Балкарская Республика
Чегем,Кабардино-Балкарская Республика
Багратионовск,Калининградская область
Балтийск,Калининградская область
Гвардейск,Калининградская область
Гурьевск,Калининградская область
Гусев,Калининградская область
Зеленоградск,Калининградская область
Калининград,Калининградская область
Краснознаменск,Калининградская область
Ладушкин,Калининградская область
Мамоново,Калининградская область
Неман,Калининградская область
Нестеров,Калининградская область
Озерск,Калининградская область
Пионерский,Калининградская область
Полесск,Калининградская область
Правдинск,Калининградская область
Приморск,Калининградская область
Светлогорск,Калининградская область
Светлый,Калининградская область
Славск,Калининградская область
Советск,Калининградская область
Черняховск,Калининградская область
Балабаново,Калужская область
Белоусово,Калужская область
Боровск,Калужская область
Ермолино,Калужская область
Жиздра,Калужская область
Жуков,Калужская область
Калуга,Калужская область
Киров,Калужская область
Козельск,Калужская область
Кондрово,Калужская область
Кременки,Калужская область
Людиново,Калужская область
Малоярославец,Калужская область
Медынь,Калужская область
Мещовск,Калужская область
Мосальск,Калужская область
Обнинск,Калужская область
Сосенский,Калужская область
Спас-Деменск,Калужская область
Сухиничи,Калужская область
Таруса,Калужская область
Юхнов,Калужская область
Вилючинск,Камчатский край
Елизово,Камчатский край
Петропавловск-Камчатский,Камчатский край
Карачаевск,Карачаево-Черкесская Республика
Теберда,Карачаево-Черкесская Республика
Усть-Джегута,Карачаево-Черкесская Республика
Черкесск,Карачаево-Черкесская Республика
Анжеро-Судженск,Кемеровская область - Кузбасс
Белово,Кемеровская область - Кузбасс
Березовский,Кемеровская область - Кузбасс
Гурьевск,Кемеровская область - Кузбасс
Калтан,Кемеровская область - Кузбасс
Кемерово,Кемеровская область - Кузбасс
Киселевск,Кемеровская область - Кузбасс
Ленинск-Кузнецкий,Кемеровская область - Кузбасс
Мариинск,Кемеровская область - Кузбасс
Междуреченск,Кемеровская область - Кузбасс
Мыски,Кемеровская область - Кузбасс
Новокузнецк,Кемеровская область - Кузбасс
Осинники,Кемеровская область - Кузбасс
Полысаево,Кемеровская область - Кузбасс
Прокопьевск,Кемеровская область - Кузбасс
Салаир,Кемеровская область - Кузбасс
Тайга,Кемеровская область - Кузбасс
Таштагол,Кемеровская область - Кузбасс
Топки,Кемеровская область - Кузбасс
Юрга,Кемеровская область - Кузбасс
Белая Холуница,Кировская область
Вятские Поляны,Кировская область
Зуевка,Кировская область
Киров,Кировская область
Кирово-Чепецк,Кировская область
Кирс,Кировская область
Котельнич,Кировская область
Луза,Кировская область
Малмыж,Кировская область
Мураши,Кировская область
Нолинск,Кировская область
Омутнинск,Кировская область
Орлов,Кировская область
Слободской,Кировская область
Советск,Кировская область
Сосновка,Кировская область
Уржум,Кировская область
Яранск,Кировская область
Буй,Костромская область
Волгореченск,Костромская область
Галич,Костромская область
Кологрив,Костромская область
Кострома,Костромская область
Макарьев,Костромская область
Мантурово,Костромская область
Нерехта,Костромская область
Нея,Костромская область
Солигалич,Костромская область
Чухлома,Костромская область
Шарья,Костромская область
Абинск,Краснодарский край
Анапа,Краснодарский край
Апшеронск,Краснодарский край
Армавир,Краснодарский край
Белореченск,Краснодарский край
Геленджик,Краснодарский край
Горячий Ключ,Краснодарский край
Гулькевичи,Краснодарский край
Ейск,Краснодарский край
Кореновск,Краснодарский край
Краснодар,Краснодарский край
Кропоткин,Краснодарский край
Крымск,Краснодарский край
Курганинск,Краснодарский край
Лабинск,Краснодарский край
Новокубанск,Краснодарский край
Новороссийск,Краснодарский край
Приморско-Ахтарск,Краснодарский край
Славянск-на-Кубани,Краснодарский край
Сочи,Краснодарский край
Темрюк,Краснодарский край
Тимашевск,Краснодарский край
Тихорецк,Краснодарский край
Туапсе,Краснодарский край
Усть-Лабинск,Краснодарский край
Хадыженск,Краснодарский край
Артемовск,Красноярский край
Ачинск,Красноярский край
Боготол,Красноярский край
Бородино,Красноярский край
Дивногорск,Красноярский край
Дудинка,Красноярский край
Енисейск,Красноярский край
Железногорск,Красноярский край
Заозерный,Красноярский край
Зеленогорск,Красноярский край
Игарка,Красноярский край
Иланский,Красноярский край
Канск,Красноярский край
Кодинск,Красноярский край
Красноярск,Красноярский край
Лесосибирск,Красноярский край
Минусинск,Красноярский край
Назарово,Красноярский край
Норильск,Красноярский край
Сосновоборск,Красноярский край
Ужур,Красноярский край
Уяр,Красноярский край
Шарыпово,Красноярский край
Далматово,Курганская область
Катайск,Курганская область
Курган,Курганская область
Куртамыш,Курганская область
Макушино,Курганская область
Петухово,Курганская область
Шадринск,Курганская область
Шумиха,Курганская область
Щучье,Курганская область
Дмитриев-Льговский,Курская область
Железногорск,Курская область
Курск,Курская область
Курчатов,Курская область
Льгов,Курская область
Обоянь,Курская область
Рыльск,Курская область
Суджа,Курская область
Фатеж,Курская область
Щигры,Курская область
Бокситогорск,Ленинградская область
Волосово,Ленинградская область
Волхов,Ленинградская область
Всеволожск,Ленинградская область
Выборг,Ленинградская область
Высоцк,Ленинградская область
Гатчина,Ленинградская область
Ивангород,Ленинградская область
Каменногорск,Ленинградская область
Кингисепп,Ленинградская область
Кириши,Ленинградская область
Кировск,Ленинградская область
Коммунар,Ленинградская область
Кудрово,Ленинградская область
Лодейное Поле,Ленинградская область
Луга,Ленинградская область
Любань,Ленинградская область
Мурино,Ленинградская область
Никольское,Ленинградская область
Новая Ладога,Ленинградская область
Отрадное,Ленинградская область
Пикалево,Ленинградская область
Подпорожье,Ленинградская область
Приморск,Ленинградская область
Приозерск,Ленинградская область
Светогорск,Ленинградская область
Сертолово,Ленинградская область
Сланцы,Ленинградская область
Сосновый Бор,Ленинградская область
Сясьстрой,Ленинградская область
Тихвин,Ленинградская область
Тосно,Ленинградская область
Шлиссельбург,Ленинградская область
Грязи,Липецкая область
Данков,Липецкая область
Елец,Липецкая область
Задонск,Липецкая область
Лебедянь,Липецкая область
Липецк,Липецкая область
Усмань,Липецкая область
Чаплыгин,Липецкая область
Магадан,Магаданская область
Сусуман,Магаданская область
Москва,Москва
Апрелевка,Московская область
Балашиха,Московская область
Белоозерский,Московская область
Бронницы,Московская область
Верея,Московская область
Видное,Московская область
Волоколамск,Московская область
Воскресенск,Московская область
Высоковск,Московская область
Голицыно,Московская область
Дедовск,Московская область
Дзержинский,Московская область
Дмитров,Московская область
Долгопрудный,Московская область
Домодедово,Московская область
Дрезна,Московская область
Дубна,Московская область
Егорьевск,Московская область
Жуковский,Московская область
Зарайск,Московская область
Звенигород,Московская область
Ивантеевка,Московская область
Истра,Московская область
Кашира,Московская область
Клин,Московская область
Коломна,Московская область
Королев,Московская область
Котельники,Московская область
Красноармейск,Московская область
Красногорск,Московская область
Краснозаводск,Московская область
Краснознаменск,Московская область
Кубинка,Московская область
Куровское,Московская область
Ликино-Дулево,Московская область
Лобня,Московская область
Лосино-Петровский,Московская область
Луховицы,Московская область
Лыткарино,Московская область
Люберцы,Московская область
Можайск,Московская область
Мытищи,Московская область
Наро-Фоминск,Московская область
Ногинск,Московская область
Одинцово,Московская область
Озеры,Московская область
Орехово-Зуево,Московская область
Павловский Посад,Московская область
Пересвет,Московская область
Подольск,Московская область
Протвино,Московская область
Пушкино,Московская область
Пущино,Московская область
Раменское,Московская область
Реутов,Московская область
Рошаль,Московская область
Руза,Московская область
Сергиев Посад,Московская область
Серпухов,Московская область
Солнечногорск,Московская область
Старая Купавна,Московская область
Ступино,Московская область
Талдом,Московская область
Фрязино,Московская область
Химки,Московская область
Хотьково,Московская область
Черноголовка,Московская область
Чехов,Московская область
Шатура,Московская область
Щелково,Московская область
Электрогорск,Московская область
Электросталь,Московская область
Электроугли,Московская область
Яхрома,Московская область
Апатиты,Мурманская область
Гаджиево,Мурманская область
Заозерск,Мурманская область
Заполярный,Мурманская область
Кандалакша,Мурманская область
Кировск,Мурманская область
Ковдор,Мурманская область
Кола,Мурманская область
Мончегорск,Мурманская область
Мурманск,Мурманская область
Оленегорск,Мурманская область
Островной,Мурманская область
Полярные Зори,Мурманская область
Полярный,Мурманская область
Североморск,Мурманская область
Снежногорск,Мурманская область
Арзамас,Нижегородская область
Балахна,Нижегородская область
Богородск,Нижегородская область
Бор,Нижегородская область
Ветлуга,Нижегородская область
Володарск,Нижегородская область
Ворсма,Нижегородская область
Выкса,Нижегородская область
Горбатов,Нижегородская область
Городец,Нижегородская область
Дзержинск,Нижегородская область
Заволжье,Нижегородская область
Княгинино,Нижегородская область
Кстово,Нижегородская область
Кулебаки,Нижегородская область
Лукоянов,Нижегородская область
Лысково,Нижегородская область
Навашино,Нижегородская область
Нижний Новгород,Нижегородская область
Павлово,Нижегородская область
Первомайск,Нижегородская область
Перевоз,Нижегородская область
Саров,Нижегородская область
Семенов,Нижегородская область
Сергач,Нижегородская область
Урень,Нижегородская область
Чкаловск,Нижегородская область
Шахунья,Нижегородская область
Боровичи,Новгородская область
Валдай,Новгородская область
Великий Новгород,Новгородская область
Малая Вишера,Новгородская область
Окуловка,Новгородская область
Пестово,Новгородская область
Сольцы,Новгородская область
Старая Русса,Новгородская область
Холм,Новгородская область
Чудово,Новгородская область
Барабинск,Новосибирская область
Бердск,Новосибирская область
Болотное,Новосибирская область
Искитим,Новосибирская область
Карасук,Новосибирская область
Каргат,Новосибирская область
Куйбышев,Новосибирская область
Купино,Новосибирская область
Новосибирск,Новосибирская область
Обь,Новосибирская область
Татарск,Новосибирская область
Тогучин,Новосибирская область
Черепаново,Новосибирская область
Чулым,Новосибирская область
Исилькуль,Омская область
Калачинск,Омская область
Называевск,Омская область
Омск,Омская область
Тара,Омская область
Тюкалинск,Омская область
Абдулино,Оренбургская область
Бугуруслан,Оренбургская область
Бузулук,Оренбургская область
Гай,Оренбургская область
Кувандык,Оренбургская область
Медногорск,Оренбургская область
Новотроицк,Оренбургская область
Оренбург,Оренбургская область
Орск,Оренбургская область
Соль-Илецк,Оренбургская область
Сорочинск,Оренбургская область
Ясный,Оренбургская область
Болхов,Орловская область
Дмитровск,Орловская область
Ливны,Орловская область
Малоархангельск,Орловская область
Мценск,Орловская область
Новосиль,Орловская область
Орел,Орловская область
Белинский,Пензенская область
Городище,Пензенская область
Заречный,Пензенская область
Каменка,Пензенская область
Кузнецк,Пензенская область
Нижний Ломов,Пензенская область
Никольск,Пензенская область
Пенза,Пензенская область
Сердобск,Пензенская область
Спасск,Пензенская область
Сурск,Пензенская область
Александровск,Пермский край
Березники,Пермский край
Верещагино,Пермский край
Горнозаводск,Пермский край
Гремячинск,Пермский край
Губаха,Пермский край
Добрянка,Пермский край
Кизел,Пермский край
Красновишерск,Пермский край
Краснокамск,Пермский край
Кудымкар,Пермский край
Кунгур,Пермский край
Лысьва,Пермский край
Нытва,Пермский край
Оса,Пермский край
Оханск,Пермский край
Очер,Пермский край
Пермь,Пермский край
Соликамск,Пермский край
Усолье,Пермский край
Чайковский,Пермский край
Чердынь,Пермский край
Чермоз,Пермский край
Чернушка,Пермский край
Чусовой,Пермский край
Арсеньев,Приморский край
Артем,Приморский край
Большой Камень,Приморский край
Владивосток,Приморский край
Дальнегорск,Приморский край
Дальнереченск,Приморский край
Лесозаводск,Приморский край
Находка,Приморский край
Партизанск,Приморский край
Спасск-Дальний,Приморский край
Уссурийск,Приморский край
Фокино,Приморский край
Великие Луки,Псковская область
Гдов,Псковская область
Дно,Псковская область
Невель,Псковская область
Новоржев,Псковская область
Новосокольники,Псковская область
Опочка,Псковская область
Остров,Псковская область
Печоры,Псковская область
Порхов,Псковская область
Псков,Псковская область
Пустошка,Псковская область
Пыталово,Псковская область
Себеж,Псковская область
Адыгейск,Республика Адыгея
Майкоп,Республика Адыгея
Горно-Алтайск,Республика Алтай
Агидель,Республика Башкортостан
Баймак,Республика Башкортостан
Белебей,Республика Башкортостан
Белорецк,Республика Башкортостан
Бирск,Республика Башкортостан
Благовещенск,Республика Башкортостан
Давлеканово,Республика Башкортостан
Дюртюли,Республика Башкортостан
Ишимбай,Республика Башкортостан
Кумертау,Республика Башкортостан
Межгорье,Республика Башкортостан
Мелеуз,Республика Башкортостан
Нефтекамск,Республика Башкортостан
Октябрьский,Республика Башкортостан
Салават,Республика Башкортостан
Сибай,Республика Башкортостан
Стерлитамак,Республика Башкортостан
Туймазы,Республика Башкортостан
Уфа,Республика Башкортостан
Учалы,Республика Башкортостан
Янаул,Республика Башкортостан
Бабушкин,Республика Бурятия
Гусиноозерск,Республика Бурятия
Закаменск,Республика Бурятия
Кяхта,Республика Бурятия
Северобайкальск,Республика Бурятия
Улан-Удэ,Республика Бурятия
Буйнакск,Республика Дагестан
Дагестанские Огни,Республика Дагестан
Дербент,Республика Дагестан
Избербаш,Республика Дагестан
Каспийск,Республика Дагестан
Кизилюрт,Республика Дагестан
Кизляр,Республика Дагестан
Махачкала,Республика Дагестан
Хасавюрт,Республика Дагестан
Южно-Сухокумск,Республика Дагестан
Карабулак,Республика Ингушетия
Магас,Республика Ингушетия
Малгобек,Республика Ингушетия
Назрань,Республика Ингушетия
Сунжа,Республика Ингушетия
Городовиковск,Республика Калмыкия
Лагань,Республика Калмыкия
Элиста,Республика Калмыкия
Беломорск,Республика Карелия
Кемь,Республика Карелия
Кондопога,Республика Карелия
Костомукша,Республика Карелия
Лахденпохья,Республика Карелия
Медвежьегорск,Республика Карелия
Олонец,Республика Карелия
Петрозаводск,Республика Карелия
Питкяранта,Республика Карелия
Пудож,Республика Карелия
Сегежа,Республика Карелия
Сортавала,Республика Карелия
Суоярви,Республика Карелия
Воркута,Республика Коми
Вуктыл,Республика Коми
Емва,Республика Коми
Инта,Республика Коми
Микунь,Республика Коми
Печора,Республика Коми
Сосногорск,Республика Коми
Сыктывкар,Республика Коми
Усинск,Республика Коми
Ухта,Республика Коми
Алупка,Республика Крым
Алушта,Республика Крым
Армянск,Республика Крым
Бахчисарай,Республика Крым
Белогорск,Республика Крым
Джанкой,Республика Крым
Евпатория,Республика Крым
Керчь,Республика Крым
Красноперекопск,Республика Крым
Саки,Республика Крым
Симферополь,Республика Крым
Старый Крым,Республика Крым
Судак,Республика Крым
Феодосия,Республика Крым
Щелкино,Республика Крым
Ялта,Республика Крым
Волжск,Республика Марий Эл
Звенигово,Республика Марий Эл
Йошкар-Ола,Республика Марий Эл
Козьмодемьянск,Республика Марий Эл
Ардатов,Республика Мордовия
Инсар,Республика Мордовия
Ковылкино,Республика Мордовия
Краснослободск,Республика Мордовия
Рузаевка,Республика Мордовия
Саранск,Республика Мордовия
Темников,Республика Мордовия
Алдан,Республика Саха (Якутия)
Верхоянск,Республика Саха (Якутия)
Вилюйск,Республика Саха (Якутия)
Ленск,Республика Саха (Якутия)
Мирный,Республика Саха (Якутия)
Нерюнгри,Республика Саха (Якутия)
Нюрба,Республика Саха (Якутия)
Олекминск,Республика Саха (Якутия)
Покровск,Республика Саха (Якутия)
Среднеколымск,Республика Саха (Якутия)
Томмот,Республика Саха (Якутия)
Удачный,Республика Саха (Якутия)
Якутск,Республика Саха (Якутия)
Алагир,Республика Северная Осетия – Алания
Ардон,Республика Северная Осетия – Алания
Беслан,Республика Северная Осетия – Алания
Владикавказ,Республика Северная Осетия – Алания
Дигора,Республика Северная Осетия – Алания
Моздок,Республика Северная Осетия – Алания
Агрыз,Республика Татарстан
Азнакаево,Республика Татарстан
Альметьевск,Республика Татарстан
Арск,Республика Татарстан
Бавлы,Республика Татарстан
Болгар,Республика Татарстан
Бугульма,Республика Татарстан
Буинск,Республика Татарстан
Елабуга,Республика Татарстан
Заинск,Республика Татарстан
Зеленодольск,Республика Татарстан
Иннополис,Республика Татарстан
Казань,Республика Татарстан
Кукмор,Республика Татарстан
Лаишево,Республика Татарстан
Лениногорск,Республика Татарстан
Мамадыш,Республика Татарстан
Менделеевск,Республика Татарстан
Мензелинск,Республика Татарстан
Набережные Челны,Республика Татарстан
Нижнекамск,Республика Татарстан
Нурлат,Республика Татарстан
Тетюши,Республика Татарстан
Чистополь,Республика Татарстан
Ак-Довурак,Республика Тыва
Кызыл,Республика Тыва
Туран,Республика Тыва
Чадан,Республика Тыва
Шагонар,Республика Тыва
Абаза,Республика Хакасия
Абакан,Республика Хакасия
Саяногорск,Республика Хакасия
Сорск,Республика Хакасия
Черногорск,Республика Хакасия
Азов,Ростовская область
Аксай,Ростовская область
Батайск,Ростовская область
Белая Калитва,Ростовская область
Волгодонск,Ростовская область
Гуково,Ростовская область
Донецк,Ростовская область
Зверево,Ростовская область
Зерноград,Ростовская область
Каменск-Шахтинский,Ростовская область
Константиновск,Ростовская область
Красный Сулин,Ростовская область
Миллерово,Ростовская область
Морозовск,Ростовская область
Новочеркасск,Ростовская область
Новошахтинск,Ростовская область
Пролетарск,Ростовская область
Ростов-на-Дону,Ростовская область
Сальск,Ростовская область
Семикаракорск,Ростовская область
Таганрог,Ростовская область
Цимлянск,Ростовская область
Шахты,Ростовская область
Касимов,Рязанская область
Кораблино,Рязанская область
Михайлов,Рязанская область
Новомичуринск,Рязанская область
Рыбное,Рязанская область
Ряжск,Рязанская область
Рязань,Рязанская область
Сасово,Рязанская область
Скопин,Рязанская область
Спас-Клепики,Рязанская область
Спасск-Рязанский,Рязанская область
Шацк,Рязанская область
Жигулевск,Самарская область
Кинель,Самарская область
Нефтегорск,Самарская область
Новокуйбышевск,Самарская область
Октябрьск,Самарская область
Отрадный,Самарская область
Похвистнево,Самарская область
Самара,Самарская область
Сызрань,Самарская область
Тольятти,Самарская область
Чапаевск,Самарская область
Санкт-Петербург,Санкт-Петербург
Аркадак,Саратовская область
Аткарск,Саратовская область
Балаково,Саратовская область
Балашов,Саратовская область
Вольск,Саратовская область
Ершов,Саратовская область
Калининск,Саратовская область
Красноармейск,Саратовская область
Красный Кут,Саратовская область
Маркс,Саратовская область
Новоузенск,Саратовская область
Петровск,Саратовская область
Пугачев,Саратовская область
Ртищево,Саратовская область
Саратов,Саратовская область
Хвалынск,Саратовская область
Шиханы,Саратовская область
Энгельс,Саратовская область
Александровск-Сахалинский,Сахалинская область
Анива,Сахалинская область
Долинск,Сахалинская область
Корсаков,Сахалинская область
Курильск,Сахалинская область
Макаров,Сахалинская область
Невельск,Сахалинская область
Оха,Сахалинская область
Поронайск,Сахалинская область
Северо-Курильск,Сахалинская область
Томари,Сахалинская область
Углегорск,Сахалинская область
Холмск,Сахалинская область
Южно-Сахалинск,Сахалинская область
Алапаевск,Свердловская область
Арамиль,Свердловская область
Артемовский,Свердловская область
Асбест,Свердловская область
Березовский,Свердловская область
Богданович,Свердловская область
Верхний Тагил,Свердловская область
Верхняя Пышма,Свердловская область
Верхняя Салда,Свердловская область
Верхняя Тура,Свердловская область
Верхотурье,Свердловская область
Волчанск,Свердловская область
Дегтярск,Свердловская область
Екатеринбург,Свердловская область
Заречный,Свердловская область
Ивдель,Свердловская область
Ирбит,Свердловская область
Каменск-Уральский,Свердловская область
Камышлов,Свердловская область
Карпинск,Свердловская область
Качканар,Свердловская область
Кировград,Свердловская область
Краснотурьинск,Свердловская область
Красноуральск,Свердловская область
Красноуфимск,Свердловская область
Кушва,Свердловская область
Лесной,Свердловская область
Михайловск,Свердловская область
Невьянск,Свердловская область
Нижние Серги,Свердловская область
Нижний Тагил,Свердловская область
Нижняя Салда,Свердловская область
Нижняя Тура,Свердловская область
Новая Ляля,Свердловская область
Новоуральск,Свердловская область
Первоуральск,Свердловская область
Полевской,Свердловская область
Ревда,Свердловская область
Реж,Свердловская область
Североуральск,Свердловская область
Серов,Свердловская область
Среднеуральск,Свердловская область
Сухой Лог,Свердловская область
Сысерть,Свердловская область
Тавда,Свердловская область
Талица,Свердловская область
Туринск,Свердловская область
Севастополь,Севастополь
Велиж,Смоленская область
Вязьма,Смоленская область
Гагарин,Смоленская область
Демидов,Смоленская область
Десногорск,Смоленская область
Дорогобуж,Смоленская область
Духовщина,Смоленская область
Ельня,Смоленская область
Починок,Смоленская область
Рославль,Смоленская область
Рудня,Смоленская область
Сафоново,Смоленская область
Смоленск,Смоленская область
Сычевка,Смоленская область
Ярцево,Смоленская область
Благодарный,Ставропольский край
Буденновск,Ставропольский край
Георгиевск,Ставропольский край
Ессентуки,Ставропольский край
Железноводск,Ставропольский край
Зеленокумск,Ставропольский край
Изобильный,Ставропольский край
Ипатово,Ставропольский край
Кисловодск,Ставропольский край
Лермонтов,Ставропольский край
Минеральные Воды,Ставропольский край
Михайловск,Ставропольский край
Невинномысск,Ставропольский край
Нефтекумск,Ставропольский край
Новоалександровск,Ставропольский край
Новопавловск,Ставропольский край
Пятигорск,Ставропольский край
Светлоград,Ставропольский край
Ставрополь,Ставропольский край
Жердевка,Тамбовская область
Кирсанов,Тамбовская область
Котовск,Тамбовская область
Мичуринск,Тамбовская область
Моршанск,Тамбовская область
Рассказово,Тамбовская область
Тамбов,Тамбовская область
Уварово,Тамбовская область
Андреаполь,Тверская область
Бежецк,Тверская область
Белый,Тверская область
Бологое,Тверская область
Весьегонск,Тверская область
Вышний Волочек,Тверская область
Западная Двина,Тверская область
Зубцов,Тверская область
Калязин,Тверская область
Кашин,Тверская область
Кимры,Тверская область
Конаково,Тверская область
Красный Холм,Тверская область
Кувшиново,Тверская область
Лихославль,Тверская область
Нелидово,Тверская область
Осташков,Тверская область
Ржев,Тверская область
Старица,Тверская область
Тверь,Тверская область
Торжок,Тверская область
Торопец,Тверская область
Удомля,Тверская область
Асино,Томская область
Кедровый,Томская область
Колпашево,Томская область
Северск,Томская область
Стрежевой,Томская область
Томск,Томская область
Алексин,Тульская область
Белев,Тульская область
Богородицк,Тульская область
Болохово,Тульская область
Венев,Тульская область
Донской,Тульская область
Ефремов,Тульская область
Кимовск,Тульская область
Киреевск,Тульская область
Липки,Тульская область
Новомосковск,Тульская область
Плавск,Тульская область
Советск,Тульская область
Суворов,Тульская область
Тула,Тульская область
Узловая,Тульская область
Чекалин,Тульская область
Щекино,Тульская область
Ясногорск,Тульская область
Белоярский,Тюменская область
Губкинский,Тюменская область
Заводоуковск,Тюменская область
Ишим,Тюменская область
Когалым,Тюменская область
Лабытнанги,Тюменская область
Лангепас,Тюменская область
Лянтор,Тюменская область
Мегион,Тюменская область
Муравленко,Тюменская область
Надым,Тюменская область
Нефтеюганск,Тюменская область
Нижневартовск,Тюменская область
Новый Уренгой,Тюменская область
Ноябрьск,Тюменская область
Нягань,Тюменская область
Покачи,Тюменская область
Пыть-Ях,Тюменская область
Радужный,Тюменская область
Салехард,Тюменская область
Советский,Тюменская область
Сургут,Тюменская область
Тарко-Сале,Тюменская область
Тобольск,Тюменская область
Тюмень,Тюменская область
Урай,Тюменская область
Ханты-Мансийск,Тюменская область
Югорск,Тюменская область
Ялуторовск,Тюменская область
Воткинск,Удмуртская Республика
Глазов,Удмуртская Республика
Ижевск,Удмуртская Республика
Камбарка,Удмуртская Республика
Можга,Удмуртская Республика
Сарапул,Удмуртская Республика
Барыш,Ульяновская область
Димитровград,Ульяновская область
Инза,Ульяновская область
Новоульяновск,Ульяновская область
Сенгилей,Ульяновская область
Ульяновск,Ульяновская область
Амурск,Хабаровский край
Бикин,Хабаровский край
Вяземский,Хабаровский край
Комсомольск-на-Амуре,Хабаровский край
Николаевск-на-Амуре,Хабаровский край
Советская Гавань,Хабаровский край
Хабаровск,Хабаровский край
Аша,Челябинская область
Бакал,Челябинская область
Верхнеуральск,Челябинская область
Верхний Уфалей,Челябинская область
Еманжелинск,Челябинская область
Златоуст,Челябинская область
Карабаш,Челябинская область
Карталы,Челябинская область
Касли,Челябинская область
Катав-Ивановск,Челябинская область
Копейск,Челябинская область
Коркино,Челябинская область
Куса,Челябинская область
Кыштым,Челябинская область
Магнитогорск,Челябинская область
Миасс,Челябинская область
Миньяр,Челябинская область
Нязепетровск,Челябинская область
Озерск,Челябинская область
Пласт,Челябинская область
Сатка,Челябинская область
Сим,Челябинская область
Снежинск,Челябинская область
Трехгорный,Челябинская область
Троицк,Челябинская область
Усть-Катав,Челябинская область
Чебаркуль,Челябинская область
Челябинск,Челябинская область
Южноуральск,Челябинская область
Юрюзань,Челябинская область
Аргун,Чеченская Республика
Грозный,Чеченская Республика
Гудермес,Чеченская Республика
Курчалой,Чеченская Республика
Урус-Мартан,Чеченская Республика
Шали,Чеченская Республика
Алатырь,Чувашская Республика
Канаш,Чувашская Республика
Козловка,Чувашская Республика
Мариинский Посад,Чувашская Республика
Новочебоксарск,Чувашская Республика
Цивильск,Чувашская Республика
Чебоксары,Чувашская Республика
Шумерля,Чувашская Республика
Ядрин,Чувашская Республика
Анадырь,Чукотский автономный округ
Билибино,Чукотский автономный округ
Певек,Чукотский автономный округ
Гаврилов-Ям,Ярославская область
Данилов,Ярославская область
Любим,Ярославская область
Мышкин,Ярославская область
Переславль-Залесский,Ярославская область
Пошехонье,Ярославская область
Ростов,Ярославская область
Рыбинск,Ярославская область
Тутаев,Ярославская область
Углич,Ярославская область
Ярославль,Ярославская область